X1,X2
-0.3407559261836557,-1.0550621147816373
-1.3267733291379078,-0.27670075900993607
-1.10804803967367,0.34571174558017176
1.1954510859412302,0.2313456984004595
1.0604835708274116,2.2193145115446016
-0.5817674755341263,-0.6248231764822487
0.17778171395226622,-0.6940183533528268
-2.304919059335671,-2.2048247621822123
-0.38194522198490505,0.1802311875336583
-0.5301785093879897,-0.35675868988499504
0.5461825288880957,0.9113803479783922
-2.256219794737768,-1.2140619082553985
-1.2708525131928265,-1.6668384734204544
0.9610876282241984,0.8636534988808662
-0.47515438348237565,0.3724027222375024
0.9679829981594329,2.1527675810508713
0.311006412026998,-0.019654242916514353
1.5740373613628116,0.2921908952635397
-0.7873217060671089,-0.7305298528874148
1.6908670379561315,0.687703334710304
-0.3368310608723461,0.9559874535091583
0.8214961629020955,-0.3428333619769971
0.33218929481627035,0.12093852606607734
2.507434941468723,2.4653783187071148
-0.056728448846302126,0.4825506824428929
-2.140970051478939,-1.2683365319073123
0.6764587653337049,-0.1806525180069989
-2.3954557119399165,-2.3495853101945965
-0.003498566544717188,-0.022185778665286374
-0.12671457869783925,-0.23853567294445366
0.7406877948040856,0.31709268037435356
0.24066453193957732,-0.18027048576395255
0.6159910885202081,0.6984315883969641
-0.3474166005985066,0.8175713589201886
2.02133461436536,2.866812186318756
-0.3458131989500367,-1.9518543670112147
0.45980077966890764,0.17208392204839523
1.5989087721052286,0.9964145566168927
0.3452489135036666,1.7025517625899025
-1.355124025004896,-0.370181683665382
-0.22806889711026107,-1.1026286384963244
0.29404983880241875,0.6731177439410766
0.8506030620643545,1.4028892712502927
0.3667365437987147,0.07640159470839328
-0.8275351440924019,-0.4834102627491236
-0.11621214078440895,0.7818008634539217
0.7581403061924947,1.235241975798753
-0.42692552111749626,-0.666699161985674
0.18387441480017835,-0.7852339943106779
-0.7802985288195985,-0.923523107843972
0.07564728648414992,0.8882063388209915
1.194867511276649,0.10387808235789342
1.2004345419625084,1.6698478318020344
0.5008686696915114,1.8601263982609342
1.2624093470974596,2.576478799488427
-0.15709166485059595,-0.23200531917738088
0.34780582227070445,0.6569753270218064
-0.3926095002746411,0.46200446270321677
-0.16352431041391988,-0.04710106660442148
0.35728884080313483,0.31317895034091714
0.3785661611635688,-0.946124579630315
0.9551005977793878,1.5308304893761717
-0.08627371053617833,-0.22878659007089913
-0.1516130621731279,0.11762256908929722
0.7990699608624049,0.1961977129108659
0.19836174379627705,-0.5594825510208654
0.283017351361705,-1.0357982375860864
-1.1318708330642635,-0.7657983972952096
-0.616642333318482,0.14454682973934946
-1.9283554051914453,-1.142627731450134
2.192780209840495,1.2016241533688998
0.5659492451856201,0.5861592857759441
-0.1961786650977329,-0.7583374054890208
0.12036810287725688,-0.46474900052549173
1.1085890572961365,0.01899405692593148
1.374684192384731,0.32767379900933047
0.4916369709377323,1.3077843971637773
-0.1442146634679743,1.8948197161260878
-0.5264033547597545,-0.38322990899019826
0.5201379214508386,1.0625956214779482
0.48345765501032556,0.5779660510493934
-2.323077482312536,-2.3974851606869207
-0.7872385941313433,-1.331916710922989
-0.6535703427639532,0.7180859314900149
-0.12392324184473125,1.2799933743512195
-0.43467259778333633,-0.870357488950032
-0.95971984520427,-0.2063824078674208
0.03486495992898919,-1.1814258780587998
0.7662509072434732,0.5745237965700809
-0.17176103885727667,0.3090095005966037
0.35334441845266673,-0.6810088740945827
-0.5870039412832586,-0.11404625670008026
-0.9346858672443141,-0.09751671704930992
-0.9466779177547029,-0.5909985578023151
0.7079769930379142,-0.5785978138037982
-0.47652552245509383,-0.31565133173608073
0.2440992808263444,-0.7448659134628751
0.5888005373172062,1.4045692297110377
-0.2274760351856424,0.30041213508494075
-0.03763275604075744,-0.014583749497868255
-0.6651916624469663,-1.0649181901037708
0.09041947182409263,-0.2676574270794785
0.5203275770643899,0.28084388000326505
-0.019378674432075804,-0.3902157621765565
-0.8112700244351261,-1.5042298610134628
0.34259424966591095,0.0019800365647023033
-1.4101730309565694,-1.2579223557471997
-0.37595860200881126,-1.5266687189203856
-0.5907607054236343,0.09834434572093101
-0.4885208645587123,0.3367966851090755
-0.06892153019142905,1.022754302780332
-1.9789525751550205,-2.260006115543955
-0.15216035736227396,0.9736264177403724
-1.2537907443503655,-1.6587963798627987
0.49652781379179667,0.2782583943249335
1.5953144946804985,0.8837297567416329
1.2231387623357752,0.628405325754396
-0.0587330897291743,0.12268886198089961
-1.0428299651153694,-1.8161516797954131
-0.824622888310446,-0.9903779343023598
-0.21575317846941702,0.30695975250206364
0.8869919012577123,1.1832052169373588
-0.3441869077957197,0.03726420106875117
-1.2175339719978862,0.6843333383652414
0.7936214500607162,0.3823129773389383
0.7896425418220948,0.35937181548070674
0.12713777333637793,1.0481460180053506
-1.088591117551454,-1.5306892956717195
0.584815461148229,0.9499723809537584
0.2639910517638152,0.7542579296541915
0.3999593902349451,-0.7741309526642911
-2.1222697321279167,-0.7311888681829796
0.7151194259777793,0.4148070889916385
-0.39308942562354027,-0.13402031009439233
-1.3856966900115406,0.17140105021098684
0.4723164763896809,-0.14604191029445962
1.5547574815416614,0.9885815071541061
-0.6644877120064447,0.7255708318355465
0.39054133732817803,0.563886739284043
-0.44512157363491084,0.4754038977269587
-2.124111992437485,-2.5353211757458785
0.046839101179954934,0.8556426387099243
-1.3438995621554346,0.08655378142354486
-0.399201958043676,-0.6775084148521409
-0.9739558973960685,-0.11515779670044113
-0.9529135820407804,-0.5599808071523666
-1.4362917070726156,-0.5305592373546433
-1.5255318856072337,-1.0230433673762789
0.09725329068817257,0.21089722353156387
-0.7959484806189945,-1.428744130350264
-0.1875605291810112,-0.4922394630931858
-0.5216436945770483,0.46864085998413607
-0.19416943310208595,-0.1581998375692613
0.9647026514015786,1.5427481780558434
-1.4329319621476024,0.24271794124571455
0.19888095507779927,0.3686340689494661
-0.8408654240838983,0.38102463230494327
-0.02020643251190085,0.1959227119964807
-0.6327262922999755,-0.4881794870529866
0.33642072464178907,0.4867621866739213
-0.5922718989347169,-1.3874072307839482
0.14856364343237113,-0.39374760788614555
-0.5118508008521798,-1.6917063039299363
0.3692069508956112,0.6613940129189235
-1.4178768720341821,-1.468806805263076
-0.2167003282527845,1.2404376720559669
2.1865967381196887,0.4834089678134387
-0.21122851343072335,-0.6001180433928724
0.667184863521402,1.2158754082352115
-0.0063064376538473355,-0.44323986621281386
0.8424810619708331,1.5182836025119566
-0.5610452197610794,-0.6378665135137364
-1.28807314025318,-2.1169572360554687
1.6744395565816537,1.138489870230338
-0.05221673302816766,0.13627319391224624
0.0860581872466192,0.3587591247750833
0.5946947093959062,1.713029962879802
-0.3569871707118499,0.5084664589937073
-0.4928769178679579,-0.13907739564611143
-0.6986962567313224,-0.3519026973510093
-1.107339667208516,-0.07778254445404398
-0.4557795406400693,0.09341240846768867
-0.4750227769135278,0.6404872214909539
-0.07389834047690491,1.3211041203581284
0.5911606153950716,-0.5171130131392121
0.1456637378861656,-0.38187660757526887
-0.5222748769464238,-1.0277952375811787
1.1431767781563866,-0.3204551784301401
1.355770248388177,-0.5217586046619029
1.165778919769945,1.7547935796617258
-0.8892509548540334,-0.5596929445917969
0.9099864828484248,0.8730294252958529
0.451954091938208,-0.445311338077282
-1.725865702015084,-1.0462637940170902
0.19330606174169485,0.21413174307662117
0.5986410580770285,-0.982879970478626
0.49201765018571963,-0.036245076788533115
1.0323176963501646,0.8145783457578983
-1.9055824583788656,-1.4091877125342576
0.30484065128566096,0.7483613665891661
